text,label,topik
aku tani indramayu tipu jura janji garap sawah lahan tebu ,negatif,pemerintahan
anggota dprd indramayu fraksi demokrat sangka bentrok rebut lahan akibat bentrok tani tewas ,negatif,pemerintahan
anggota dprd indramayu fraksi  sangka tewas tani tebu aktivis ham mana ,negatif,pemerintahan
anggota dprd indramayu sanksi paw usul interpelasi bupati ,negatif,pemerintahan
anggota dprd jabar abdul rozaq muslim sidang adil tipikor bandung kait suap proyek pemkab indramayu,negatif,pemerintahan
anggota dprd kabupaten indramayu aku kecewa ketidakhadiran bupati indramayu nina agustina rapat paripurna hak ,negatif,pemerintahan
bentrok tewas tani polisi tetap orang sangka polisi tetap sangka bentrok lahan tebu kabupaten indramayu jawa barat salah satu anggota dprd indramayu fraksi demokrat ,negatif,pemerintahan
berita kpk sidang jasindo agenda terang saksi kpu periksa dedi mulyadi saksi banprov indramayu,negatif,pemerintahan
berkas limpah kpk adil suap proyek indramayu sidang komisi berantas korupsi kpk limpah berkas perkara sangka duga suap atur proyek kabupaten indramayu anggar ,negatif,pemerintahan
bupati hadir rapat dprd indramayu warna interupsi,negatif,pemerintahan
bupati indramayu hak interpelasi dprd ,negatif,pemerintahan
bupati indramayu jembatan timbang losarang indramayu ,negatif,pemerintahan
bupati indramayu mangkir interpelasi pkspd hak angket ,negatif,pemerintahan
bupati indramayu nina agustina kabupaten indramayu level ppkm masyarakat tenang panik,negatif,pemerintahan
bupati nina agustina hak interpelasi dprd indramayu ,negatif,pemerintahan
anggota dprd indramayu fraksi demokrat sangka bentrok rebut lahan akibat bentrok tani tewas,negatif,pemerintahan
anggota dprd indramayu fraksi sangka tewas tani tebu aktivis ham mana ,negatif,pemerintahan
anggota dprd indramayu sanksi paw usul interpelasi bupati ,negatif,pemerintahan
anggota dprd jabar abdul rozaq muslim sidang adil tipikor bandung kait suap proyek pemkab indramayu ,negatif,pemerintahan
anggota dprd kabupaten indramayu aku kecewa ketidakhadiran bupati indramayu nina agustina rapat paripurna hak ,negatif,pemerintahan
angin kencang gelombang landa air utara jawa barat dinas laut ikan kabupaten indramayu ,negatif,pemerintahan
bentrok tewas tani polisi tetap orang sangka polisi tetap sangka bentrok lahan tebu kabupaten indramayu jawa barat salah satu anggota dprd indramayu fraksi demokrat,negatif,pemerintahan
berkas limpah kpk adil suap proyek indramayu sidang komisi berantas korupsi kpk limpah berkas perkara sangka duga suap atur proyek kabupaten indramayu,negatif,pemerintahan
bupati hadir rapat dprd indramayu warna interupsi ,negatif,pemerintahan
dprd indramayu aju hak interpelasi bupati indramayu salah isi hubung bupati wabup luckyhakim nilai harmonis ,negatif,pemerintahan
vaksinasi lokasi wisata indramayu ,positif,pemerintahan
bupati indramayu jawa barat nina agustina tampil bawa tari topeng kelana gandrung pukau ingat pers nasional rumah jabat gubernur sulawesi tenggara kendari senin ,positif,pemerintahan
bupati indramayu kunjung kepala sekolah prestasi ,positif,pemerintahan
bupati indramayu latih tari topeng kelana gandrung tampil kendari ,positif,pemerintahan
bupati indramayu nina agustina da i bachtiar sambut hangat datang badan periksa uang bpk pendopo indramayu selasa ,positif,pemerintahan
bupati indramayu nina agustina peran umkm ekonomi kabupaten indramayu samping temu tantang hadap umkm kelas,positif,pemerintahan
bupati indramayu nina agustina raih anugerah budaya pwi pusat bupati indramayu nina agustina terima harga anugerah budaya ak satu wartawan indonesia pwi pusat ,positif,pemerintahan
bupati indramayu nina agustina raih harga pwi pers nasional  baru agustina,positif,pemerintahan
bupati indramayu nina agustina suguh spesial sambut pers nasional tampil bawa tari topeng kelana gandrung ,positif,pemerintahan
bupati indramayu nina agustina sumber pad indramayu tuju meminimalisir muat bahaya guna jalan rusak kondisi badan jalan,positif,pemerintahan
bupati indramayu nina agustina tampil tari topeng kelana gandrung semarak hpn kendari ,positif,pemerintahan
bupati indramayu nina agustina tari tari topeng kelana gandrung acara hpn  baru acara agustina,positif,pemerintahan
bupati indramayu nina agustina terima harga anugerah budaya ak satu wartawan indonesia pwi pusat puncak ingat pers nasional hpn rabu,positif,pemerintahan
bupati indramayu papar program i ceta dialog budaya hpn ,positif,pemerintahan
bupati indramayu raih harga anugerah budaya puncak acara hpn ,positif,pemerintahan
bupati indramayu rombong tamu khusus gubernur sultra ,positif,pemerintahan
akibat musibah rumah bakar roboh warga cikedung bantu bupati nina agustina ,positif,pemerintahan
alhamdulillah selasa november perda pesantren sah kabupaten indramayu politik pkb politik hadir politik tahun dpp pkp,positif,pemerintahan
alhamdulillahirobbil alamin perda pesantren kabupaten indramayu resmi sah pesantren sarana didik dakwah kembang sumber daya harap butuh perhati lembaga didik peduli ummat layan rakyat,positif,pemerintahan
bkd bagi motor dinas asn ,positif,pemerintahan
bupati indramayu elemen aktif tanggulang bencana ,positif,pemerintahan
bupati indramayu hadir rapat paripurna dprd jelas sekda ,positif,pemerintahan
bupati nina peduli seni budaya indramayu ,positif,pemerintahan
bupati nina salur bantu warga rumah bakar roboh ,positif,pemerintahan
akibat musibah rumah bakar roboh warga cikedung bantu bupati nina agustina ,positif,pemerintahan
Ruyanto sendiri masuk dalam 41 anggota DPRD kabupaten Indramayu yang mengusulkan hak interpelasi kepada eksekutif,positif,pemerintahan
Bupati Nina Siap Menjawab Hak Interpelasi DPRD Indramayu,positif,pemerintahan
"Setujui Interpelasi Terhadap Bupati, Anggota DPRD Indramayu Disanksi PAW",negatif,pemerintahan
Bupati Indramayu Nina Agustina akan menanggapi hak interpelasi Dewan Perwakilan Rakyat Daerah Indramayu pada Jumat,positif,pemerintahan
"ketidakharmonisan Bupati dan Wakil Bupati Indramayu, disebut dalam ajuan hak interpelasi DPRD Kabupaten Indramayu",negatif,pemerintahan
Rapat Interpelasi DPRD Indramayu Ricuh,negatif,pemerintahan
DPRD Indramayu mengajukan hak interpelasi kepada Bupati Indramayu Nina Agustina. Hak bertanya itu terkait pengelola,positif,pemerintahan
DEWAN Perwakilan Rakyat Daerah (DPRD) Kabupaten Indramayu setuju menggunakan hak interpelasi kepada Bupati Indramayu,positif,pemerintahan
"Keretakan Hubungan Bupati dan Wakil Bupati, Masuk Materi Interpelasi DPRD Indramayu",negatif,pemerintahan
"Paripurna DPRD Indramayu Tetapkan Hak Interpelasi, PDIP Walk Out",negatif,pemerintahan
"Pertanyakan Tata Kelola Pemerintahan Kabupaten Indramayu, DPRD Ajukan Hak Interpelasi Terhadap Bupati",positif,pemerintahan
Rapat paripurna tentang hak interpelasi DPRD Kabupaten Indramayu berlangsung tegang Frkasi PDIP melakukan walkout,negatif,pemerintahan
Pengajuan hak interpelasi oleh 41 anggota DPRD Kabupaten Indramayu telah disahkan Pada tahapan jawaban eksekutif,positif,pemerintahan
DPRD mengajukan interpelasi untuk menanyakan terkait kabar tidak harmonisnya hubungan antara Bupati Indrmayu Nina,negatif,pemerintahan
Dalam paripurna tersebut 41 anggota DPRD Kabupaten Indramayu mengusulkan hak interpelasi untul disahkan dalam rapat,positif,pemerintahan
BREAKING NWES  DPRD Indramayu Setujui Hak Interpelasi Bupati ,positif,pemerintahan
Musyawarah Rencana Pembangunan (Musrenbang) Tingkat Kecamatan Sliyeg ,positif,pemerintahan
Relawan Gaspoll Indramayu Dukung Gus Muhaimin Maju di Pilpres 2024,positif,pemerintahan
Para relawan Gaspoll di Kabupaten Indramayu mendeklarasikan dukungan kepada Muhaimin Iskandar atau Gus maju Pilpres,positif,pemerintahan
Demi UMKM Naik Kelas Pemkab Indramayu Siapkan Perda Pemerintah Kabupaten Indramayu terus berkomitmen bagaimana,positif,pemerintahan
Upaya Pemerintah Kabupaten Indramayu dalam meningkatkan Indeks Pembangunan Masyarakat (IPM) Indramayu ,positif,pemerintahan
Bupati mengundang Camat Sliyeg Endang Ismiati beserta 14 Kadesnya dalam kegiatan ramah-tamah sambil makan siang bersama di pendopo kabupaten,positif,pemerintahan
Bupati Indramayu Nina Agustina sering kali mengundang para camat beserta para kepala kali ini Jumat,positif,pemerintahan
Kunjungan Kerja Deputi Bidang Advokasi Penggerakan dan Informasi (ADPIN) BKKBN RI ke Kabupaten Indramayu diterima oleh Bupati Indramayu Hj Nina Agustina SH MH C R A di Pendopo Kabupaten Indramayu dalam rangka Penguatan TPD dan TPK Bangga Kencana dan Penurunan Stunting,positif,pemerintahan
Rapat Koordinasi Pelaksanaan Kegiatan dan Anggaran Desa dalam PPKM Tingkat Desa tahun 2022 dari Dirjen Bina Pemdes Kemendagri ,positif,pemerintahan
Konsultasi Perizinan dengan Tanya Dpmptsp Kab Indramayu dapat dilakukan melalui Live Chat (Whatsapp) dan Via Telephone,positif,pemerintahan
Di Indramayu Muzani Tegaskan Prabowo Maju 2024 Seluruh Kader Gerindra All Out!,positif,pemerintahan
Pimpinan Fraksi Tegaskan Keseriusan Interpelasi,positif,pemerintahan
Hubungan eksekutif-legislatif di Indramayu tengah tegang Bila dibiarkan semua ini hanya akan membuat warga Indramayu  jauh dari sejahtera,negatif,pemerintahan
Top News Koran Rakyat Merdeka Soal Interpelasi Bupati Indramayu DPRD  Masyarakat Jangan Berpikir Mau MenjatuhkaN,positif,pemerintahan
Menurutnya ini merupakan bentuk sinergitas dan penguatan komunikasi yang baik dalam rangka memaksimalkan program unggulan Bupati Indramayu untuk menyelesaikan persoalan yang menimpa masyarakat.,positif,pemerintahan
Puluhan ASN di Pemkab Indramayu Dapat Motor Dinas Baru.,positif,pemerintahan
Penghargaan ini diserahkan PWI kepada Nina Agustina karena dinilai sangat peduli terhadap kesenian dan kebudayaan,positif,pemerintahan
PDI Perjuangan Indramayu Tebar Ribuan Benih Ikan di Embung Desa Telukagung,positif,pemerintahan
"Bupati Tak Hadir, Rapat DPRD Indramayu Diwarnai Interupsi",negatif,pemerintahan
Pejabat yang didelegasikan oleh Bupati Indramayu yakni Sekretaris daerah (Sekda) Indramayu,negatif,pemerintahan
Kegiatan Rapat Paripurna yang dipimpin langsung oleh Kepala Kejaksaan Negeri Indramayu,positif,pemerintahan
"Cerita Ketua DPC Gerindra Indramayu, Diajak ke Demokrat dan Golkar Tapi Pilih Gerindra dan Prabowo",positif,pemerintahan
Anggota DPRD Kabupaten Indramayu mengaku kecewa atas ketidakhadiran Bupati Indramayu Nina Agustina dalam rapat paripurna,negatif,pemerintahan
Menanggapi kabar ketidakharmonisan Bupati dan Wakil Bupati Indramayu,negatif,pemerintahan
bupati dan wakilnya jarang berinteraksi dengan warga,negatif,pemerintahan
bupati dan wakilnya kurang memerhatikan rakyat indramayu,negatif,pemerintahan
perda kurang memperhatikan destinasi wisata indramayu,negatif,pemerintahan
wakil indramayu kok jarang terlihat,negatif,pemerintahan
bupati dan wakilnya lagi tidak akur,negatif,pemerintahan
Anggota DPRD Indramayu Ditangkap Diduga Terlibat Pembantaian Dua Petani Tebu,negatif,pemerintahan
anggota dprd kok bisa bunuh petani gak ada otak emang,negatif,pemerintahan
perda banyak yang janji palsu,negatif,pemerintahan
gimana wisata bisa maju perdanya kurang memperhatikan fasilitas wisata di indramayu,negatif,pemerintahan
sudah bosen banget perda banyak yang janji palsu,negatif,pemerintahan
akibat lambung kiri alami bocor kapal nelayan air eret wetan camat kandanghaur kabupaten indramayu tenggelam ,negatif,lainnya
angka cerai kabupaten indramayu kemarin adil agama indramayu catat usia nikah ,negatif,lainnya
hah indramayu nih ko orang indramayu gatau berita,negatif,lainnya
sama kakk indramayu msh hujan pas jam setengh ujan nya gde bgt smp sawah yg pagi tdi air nya udh kering udh banjir lgi,negatif,lainnya
baca berita celaka gini inget indramayu syukur selamat allah yg bawa mobil panik ngeguling nabrak trotoar gue yg istilah body mobil blkg penyok dikit aja skrg rada trauma gimana gala,negatif,lainnya
 kampung gw indramayu valid sih indramayu isi sawah jarang pohon rimbun,negatif,lainnya
inget pas indramayu brg  bawa sawah google maps,negatif,lainnya
boneka ayam jago jayol indramayu mati pasar internasional ,negatif,lainnya
cekam detik detik usaha evakuasi abk kapal ikan karam air indramayu jawa barat korban seret gelombang angin kencang ,negatif,lainnya
celaka laut kapal nelayan air eret camat kandanghaur tel korban jiwa perhati bupati indramayu hj nina agustina bupati nina prihatin ,negatif,lainnya
celaka maut indramayu maju adil ayah korban ,negatif,lainnya
celaka maut jalan pantura indramayu wanita hamil tewas,negatif,lainnya
deret janda jawabarat indramayu dominasi angka ,negatif,lainnya
akibat lambung kiri alami bocor kapal nelayan air eret wetan camat kandanghaur kabupaten indramayu tenggelam,negatif,lainnya
angka cerai kabupaten indramayu kemarin adil agama indramayu catat usia nikah ,negatif,lainnya
duga akibat kosleting listrik mesin mobil truk kontainer bakar hebat jalur pantura camat losarang kabupaten indramayu jumat sore ,negatif,lainnya
geger temu mayat wanita telanjang pesisir pantai cantigi indramayu ,negatif,lainnya
iis dahlia gugat cerai suami adil agama indramayu cerai pandemi ,negatif,lainnya
indramayu laku tindak pidana tubuh anak umur  jalan sidang adil negeri pn indramayu rabu,negatif,lainnya
indramayu tkw indramayu  vonis penjara dagang narkoba adil negeri hongkong vonis jatuh hakim ,negatif,lainnya
nelayan kabupaten indramayu jawa barat alpandi hilang perahu tumpang bocor tenggelam nelayanhilang ,negatif,lainnya
nilai kordinasi usul hak interpelasi dprd indramayu ruyanto ancam pecat ,negatif,lainnya
perahu bocor nelayan indramayu lapor hilang air eret ,negatif,lainnya
saudara saya indramayu kena oknum adlh mafia tanah bkrja dgn aparat adil polisi,negatif,lainnya
sidang perdana insiden darah lahan tebu batas kabupaten indramayu majalengka gelar adil negeri kabupaten indramayu ijo,negatif,lainnya
bpbd indramayu mapping potensi bencana ,positif,lainnya
bri ambil langkah cepat bantu tanggap bencana masyarakat dampak banjir ,positif,lainnya
giat rapat kerja laksana kamis januari jumat januari awal sambut wakil ketua adil agama indramayu,positif,lainnya
giat tertib emis amen anak punk traffic light wilayah indramayu kota data kirim dinas sosial kabupaten indramayu,positif,lainnya
hai kawanlaut kantor upp kelas iii indramayu dharma wanita ada giat bakti sosial masyarakat desa babad camat sindang kabupaten indramayu ,positif,lainnya
hati hati ombak laut utara jawa bupati nina pesan nelayan laut ,positif,lainnya
indramayu denny achmad  laksana giat pantau sidang tipiring kait langgar prokes laku batas giat masyarakat ppkm balai desa jatibarang kab indramayu hadir giat ketua adil negeri indramayu,positif,lainnya
organisasi wartawan indramayu sepakat tempat gedung eks adil ,positif,lainnya
rangka jaga hubung silaturahmi sinergitas polres indramayu adil negeri indramayu cipta situasi kamtibmas aman damai kondusif akpol divisihumaspolri ssdm polri multimedia humaspolri humaspolda jabar ,positif,lainnya
selamat sukses lantik drs h musthofa kamal m h wakil ketua adil agama indramayu moga emban tugas amanah jujur adil selamat adil agama indramayu,positif,lainnya
dalam kesempatan dandim indramayu juga mengamini agar sama menciptakan rasa aman kondusif baik dilingkungan lapas maupun wilayah indramayu sehingga indramayu bisa lebih baik maju,positif,lainnya
cerdas handal berpatriolisme yang tinggi dibawah naungan mulia asri indramayu religius maju mandiri sejahtera,positif,lainnya
selamat ulang tahun kota indramayu semoga semakin maju berkembang,positif,lainnya
indramayu harus terus maju terus berprestasi,positif,lainnya
"Desa saya Indramayu sah, tapi Indramayu dipenuhi persawahan dan jarang ada pepohonan yang rimbun",positif,lainnya
"oh my god, ini stasiun memori yang bagus dari masa lalu ketika liburan sekolah, dr Indramayu selalu ada di sini, kan",positif,lainnya
"Banyak ndagel di Cirebon, Indramayu, kadang pulang sekolah mau tawuran dengan sekolah lain.",positif,lainnya
"aktif, disiplin, pancar, amin, punk traffic light, daerah indramayu, kota, kirim data ke dinas sosial kabupaten indramayu",positif,lainnya
"hektar sawah di Desa Telukagung, Kecamatan Indramayu, Kabupaten Indramayu, petani terlantar enggan memanfaatkan lahan",positif,lainnya
jadwal samsat keliling cirebon indramayu majalengka dan kuningan juni untuk bayar pajak kendaraan,positif,lainnya
pada juga pembangunan asrama haji di kabupaten indramayu segera selesai,positif,lainnya
rencana pemadaman listrik indramayu juni,positif,lainnya
wika bekerja sama dengan palang merah indonesia pmi untuk menyelenggarakan kegiatan donor darah pada rabu,positif,lainnya
heboh wanita muda di indramayu melahirkan di tepi jalan persalinan di motor roda,negatif,lainnya
Aksi massa saat pelaku diamankan polisi untuk dibawa ke Mapolsek Juntinyuat,negatif,lainnya
FSPP Kabupaten Indramayu dukun Pemerintah Cabut izin Pesantren yang terafiliasi dengan jaringan teroris ,negatif,lainnya
"Imbas Unjuk Rasa Ricuh di Mapolda Jawa Barat, Polres Indramayu Amankan 20 Anggota GMBI",negatif,lainnya
"Polres Indramayu Tangkap 20 Anggota GMBI, 5 Orang Positif Narkoba  ",positif,lainnya
"Berbagai peradaban bercampur mewarnai perkembangan Kota Indramayu. Termasuk Klenteng Indramayu, di Kelurahan Lemahm",positif,lainnya
"Marak Kendaraan ODOL Melintas di Pantura, Polres Indramayu Gelar Operasi Penertiban",positif,lainnya
"Kecelakaan terjadi di jalan pantura Kecamatan Losarang, Kabupaten Indramayu. Dua unit truk tronton dari arah Cirebon",negatif,lainnya
"Jelang Libur Nataru, Bus yang Melintas Jalur Pantura Indramayu Diberhentikan Polisi, Ini yang Dicek",negatif,lainnya
"Siapa sangka, masyarakat Kabupaten Indramayu tercatat sebagai warga yang paling bahagia se Jawa Barat (Jabar).",positif,lainnya
"Dikutip dari pikiran-rakyat - Dari 27 kabupaten dan kota di Jabar, Kabupaten Indramayu menempati peringkat pertama IBangga. Ada tiga kriteria indeks yang menjadikan Kabupaten Indramayu mendapat nilai tertinggi.",positif,lainnya
"Sesosok warga ditemukan meninggal di sawah, warga tersebut berasal dari Kecamatan Cikedung, Kabupaten Indramayu.",negatif,lainnya
"Dari analisis kebutuhan pangan di Kabupaten Indramayu, setiap tahun membutuhkan pasokan sekitar 23 ribu ton, minyak goreng.",negatif,lainnya
"Satuan tugas pangan, Kabupaten Indramayu, melakukan inspeksi mendadak, untuk mengecek ketersediaan stok minyak goreng di sejumlah agen.",positif,lainnya
"Foodbank DPC PKB Indramayu, Jum'at 4 Februari 2021, berbagi Ratusan Paket Sembako kepada Guru ngaji, Anak Yatim Piatu, Jompo, dan Masyarakat yang membutuhkan di blok Cibiuk, Desa Kertawinangun Kec. Kandanghaur Kab. Indramayu.",positif,lainnya
Bertempat di aula Kantor Kecamatan Kertasemaya dilaksanakan giat rapat persiapan penyaluran Banso dari Baznas Kab Indramayu. Rapat di pimpin Sekcam dan Plt Kasi Kesos diikuti Kasi Pelayanan Desa / Lebe se- Kec Kertasemaya.,positif,lainnya
"Razia knalpot bising dilakukan Unit Lantas Polsek Kandanghaur, Kabupaten Indramayu. Sejumlah pengendara  diberhentikan petugas. Polsek Kandanghaur Kabupaten Indramayu melakukan razia",positif,lainnya
Duh Kasus Perceraian di Kabupaten Indramayu Didominasi Pasangan Muda,negatif,lainnya
Pelatihan Pembuatan Content untuk Medsos P. PKK Desa se Kecamatan Sliyeg ,positif,lainnya
"Tangani Sampah di Indramayu, Bank Sampah Dibentuk di Tiap Sekolah",positif,lainnya
"Jumat, 04 Pebruari 2022. Giat Senam Bersama Ibu-Ibu PKK Kecamatan dan Desa se-Kecamatan Juntinyuat",positif,lainnya
"Terkesan dengan Kendari, Bupati Nina Akan Wujudkan Eco Kuliner di Indramayu ",positif,lainnya
Gatau kenapa harga makanan di Indramayu tergolong mahal secara UMR Indramayu UMR Kota lainnya tapi rasanya tetep lebih mahalan imy,negatif,lainnya
"Nyawa 2 Nelayan Indramayu ini Selamat, Terombang-ambing 3 Jam di Tengah Laut Hanya Memegang Drum",positif,lainnya
Kejaksaan Negeri Indramayu mengadakan kegiatan Penyuluhan dan Penerangan,positif,lainnya
"BPBD Ungkap Sebab Tanah Tanggul Sungai Cimanuk Indramayu Ambles Lagi, Secepatnya Dilakukan Perbaikan",negatif,lainnya
" Pers Harus Tangkal Hoax, Ketua DPRD Minta Sajikan Berita Akurat dan Berimbang",positif,lainnya
"jalan ke indramayu via pantura arah jkt, ada yang minta sumbangan di jalan sampe nutup 1/2 jalan pake bambu, ada ya ",negatif,lainnya
"Jembatan Penghubung 2 Desa di Indramayu Ambruk, Warga Buat Jembatan Darurat",negatif,lainnya
blh mnt kurir dc karanganyar indramayu gk Pkt sy gk d krim2 di sana,negatif,lainnya
Kegiatan Membersihkan Lingkungan Di Desa Sudikampiran Kecamatan Sliyeg,positif,lainnya
Rapat Koordinasi Secara Virtual Penanganan Sampah Plastik Melalui Pembentukan Bank Sampah Pramuka,positif,lainnya
Pipa Minyak Bocor Cemari Sawah Warga Indramayu,negatif,lainnya
Gigihnya Salamun di Indramayu Tanam Mangga Agrimania Buah Mangga Termahal di Indonesia Tembus Eropa  Sekarang sawah itu sudah dialihfungsikan jadi kebun mangga agrimania sejak tahun 2018 dan dikelola khusus oleh warga di sekitaran Perumahan Bumi Patra,positif,lainnya
Harcules itu Raja sawah di Indramayu,positif,lainnya
Petani Kelurahan Karanganyar Indramayu Jawa Barat memanfaatkan pembangkit listrik tenaga surya sebagai sumber energi lampu penerangan serta menghidupkan pompa air untuk mengairi sawah dan kebun palawija,positif,lainnya
Indramayu Pak Surtina dan Bu Toniah nyaris habis harapan Kehidupannya sebagai buruh tani tak juga membuat kesejahteraan keluarganya membaik dari hari ke hari. Ia menggarap sawah tapi bukan miliknya sawah panen bukan punyanya Kehidupan makin terasa sulit,negatif,lainnya
"Pesawat tanpa awak (Drone) bisa dimanfaatkan untuk pertanian. Di Indramayu, drone tengah diujicoba untuk menyemprotkan cairan pestisida ke areal sawah",positif,lainnya
Sawah Rusak Akibat Kabel Sutet Putus Petani Jangga Indramayu Tuntut Ganti Rugi,negatif,lainnya
"Ribuan meter sawah petani di Desa Jangga, Kecamatan Losarang, Kabupaten Indramayu rusak akibat putusnya kabel listrik saluran udara tegangan ekstra tinggi (SUTET) yang menimpa tanaman padi milik petani",negatif,lainnya
"Pipa Minyak Bocor Cemari Sawah Warga Indramayu  Ismail berharap, ada ganti rugi yang sepadan dari pihak Pertamina terhadap tanaman padi miliknya yang kini mati ",negatif,lainnya
"Semangat yok, nih liat ada 13 anak pertanian lagi magang di sawah daerah Indramayu",positif,lainnya
"Kondisi bangunan sekolah kurang representatif, masih ditemukan di Kabupaten Indramayu Satu lokal gedung, SDN 2 Pawidean",negatif,lainnya
Bangunan Sekolah SDN 2 Pawidean Indramayu Rusak,negatif,lainnya
meledaknya pertamina balongan diduga tersambar petir,negatif,lainnya
pertamina balongan meledak lagi,negatif,lainnya
beberapa rumah warga ada yang rusak akibat ledakan pertamina balongan,negatif,lainnya
Kelangkaan solar ini banyak membuat nelayan tak bisa melaut,negatif,lainnya
harus mengantre berjam-jam di SPBU untuk bisa mendapatkannya,negatif,lainnya
ada berita orang Indramayu bisa bangun rumah gede beli mobil bagus punya tanah dan sawah luas dari hasil ngemis di Jakarta,negatif,lainnya
Miris Situs Makam Benggala-Benggali di Sindang Indramayu Terbengkalai KOTOR & BAU,negatif,lainnya
Berdayakan kami masyarakat di desa penyangga untuk turut andil dalam proyek pengembangan pabrik PT Polytama Propindo di Desa Limbangan Kecamatan Juntinyuat ,positif,lainnya
air laut di sekitar objek wisata pantai balongan indah kecamatan balongan kabupaten indramayu mendadak berubah,negatif,wisata
akibat terjadinya abrasi pantai wisata karangsong kabupaten indramayu terancam tenggelam derasnya ombak,negatif,wisata
sebuah lapak pedagang tidak ditempati akibat abrasi di pantai karangsong indramayu,negatif,wisata
retribusi dan pad di sektor objek wisata di kabupaten indramayu dinilai rendah dprd kabupaten indramayu merencan,negatif,wisata
dinas budaya pariwisata tutup aktivitas objek wisata pantai tirtamaya camat juntinyuat kabupaten indramayu ,negatif,wisata
pek tutup wisata pantai tirtamaya camat juntinyuat kabupaten indramayu buka perintah kabupaten ,negatif,wisata
objek wisata pantai tirtamaya desa juntikedokan camat juntinyuat kabupaten indramayu tutup objek wisata legendaris bumi wiralodra terus tutup perintah kabupaten pemkab indramayu langsung ambil inisiatif ,negatif,wisata
david nainggolan berhasil buka akses jalan pelosok hingga bangun wisata religi selama jabat dandim kuningan  ,positif,wisata
kawasan puncak jadi salah satu kota tujuan wisata yang selalu ramai dikunjungi  berikut ini ada tempat wisata di  ,positif,wisata
wahana alam parung  destinasi sempurna dengan harga ekonomis  simak informasi selengkapnya di  ,positif,wisata
buat kamu yang berencana untuk jalan jalan bersama keluarga di weekend ini  lembang bandung bisa jadi pilihan utama  ,positif,wisata
bogor memang tak ada habisnya untuk diperbincangkan  ada beberapa tempat wisata bogor yang recommended dan sayang u  ,positif,wisata
dengan kebudayaan  fs artlas ingin perkenalkan wisata tasikmalaya pemkottsm  ,positif,wisata
bandung adalah salah satu kota yang ramah untuk anak  terdapat sejumlah tempat wisata yang menyenangkan untuk dikun  ,positif,wisata
gubernur jabar  ridwan kamil meninjau proyek bendungan ciawi di kabupaten bogor yg sdg dikerjakan oleh pt br  ,positif,wisata
semoga dng diresmikanya refitalisasi olh gub jabar situ ciburuy lebih baik lagi dan menjadi destinasi wisata luar r  ,positif,wisata
gubernur jabar  ridwan kamil meninjau proyek bendungan ciawi di kabupaten bogor yg sdg dikerjakan oleh pt br  ,positif,wisata
lokasinya yang berada di ciawi  bogor ini pun akan membuat bendungan ciawi berpotensi menjadi salah satu destinasi  ,positif,wisata
wisata dan pendampingan revalidasi ciletuh pelabuhan ratu unesco global geopark   kabid destinasi pariwisata meng  ,positif,wisata
kegiatan ini diikuti oleh seluruh pegawai baik asn maupun non asn di lingkungan disparbud jabar   pada apel kali in  ,positif,wisata
penyampaian program kegiatan bidang destinasi pariwisata pada apel pagi agustus kadisparbud jabar benny bac  ,positif,wisata
next destinasi klo ke jabar dah wkwkw  aman klo track nya mobil masuk makasih junnn rekomen nya,positif,wisata
program tersebut ditujukan untuk menciptakan kawasan pariwisata terpadu dan destinasi wisata berkelas dunia yang ma  ,positif,wisata
lokasinya yang berada di ciawi bogor ini pun akan membuat bendungan ciawi berpotensi menjadi salah satu destinasi w  ,positif,wisata
fakta gunung papandayan garut  destinasi favorit pendaki pemula ,positif,wisata
Kalau ke Pulau Komodo mahal bisa ke Pulau Biawak Cuma 2 jam naik boat dari Indramayu,positif,wisata
gubernur jabar ridwan kamil meninjau proyek bendungan ciawi di kabupaten bogor yg sdg dikerjakan oleh pt br  ,positif,wisata
gubernur jabar meninjau proyek bendungan ciawi yang sedang dikerjakan oleh pt brantas abipraya  persero ini akan  ,positif,wisata
ciawi berpotensi menjadi salah satu destinasi wisata di jawa barat  tak tanggung  bumn yg dikenal champion dlm p  ,positif,wisata
disalah satu destinasi wisata di jawa barat  tak tanggung  bumn yang dikenal champion dalam pembangungan infrastru  ,positif,wisata
first time in history keluarga yang notabene pada nyari lanjutan sekolah ke daerah jabar jateng  diy adek w banti  ,positif,wisata
isi pekan manfaat masyarakat libur wisata pantai karangsong kabupaten indramayu ,positif,wisata
operasi lilin lodaya polsek juntinyuat jajar polres indramayu laksana himbauan prokes obyek wisata ,positif,wisata
pemkab indramayu kelola wisata pantai tirtamaya ,positif,wisata
sinergitas polsek jatibarang jajar polres indramayu koramil jatibarang laku himbauan prokes lokasi wisata ,positif,wisata
pemkab indramayu kelola wisata pantai tirtamaya,positif,wisata
ayoo wisata ke kab kota indramayu jawa barat dgn unduh aplikasi,positif,wisata
disparpora pastikan bantu pelaku investasi bidang pariwisata di cianjur    ,positif,wisata
wisata  dan pendampingan revalidasi ciletuh pelabuhan ratu unesco global geopark   kabid destinasi pariwisata meng  ,positif,wisata
kegiatan ini diikuti oleh seluruh pegawai baik asn maupun non asn di lingkungan disparbud jabar   pada apel kali in  ,positif,wisata
penyampaian program kegiatan bidang destinasi pariwisata pada apel pagi   agustus       kadisparbud jabar benny bac  ,positif,wisata
 ridwankamil assalamualaikum  puten kang emil sebagai warga jabar mohon pariwisata jabar di benahi sy sering  ,negatif,wisata
mau tarik tarif segede nya ngga masalah disiana pertanyaanya apakah bentuk anatomi pariwisata disana ud  ,negatif,wisata
selain itu  pemerintah kabupaten garut ingin menjadikan situ bagendit sebagai percontohan pengelolaan kawasan pariw  ,positif,wisata
program tersebut ditujukan untuk menciptakan kawasan pariwisata terpadu dan destinasi wisata berkelas dunia yang ma  ,positif,wisata
tel u bikin sistem iot untuk pantau wistawan ,positif,wisata
untuk mengangkut juta penyambut hrs dgn bus pariwisata seat yg panjangnya meter diperlukan      ,positif,wisata
perhatian dari pemprov masih kurang terkait transportasi umum di jabar lebih condong pembangunan pariwisata  ,negatif,wisata
wisata di indramayu kurnag perhatian pemerintah,negatif,wisata
pantai dadap dipenuhi banyak sampah,negatif,wisata
bukan hanya pantai dadap banyak sampah pantai lain juga banyak sampah,negatif,wisata
wisata di indramayu kurang menarik,negatif,wisata
beberapa tempat wisata di indramayu sudah terbengkalai,negatif,wisata
wisata di indramayu jelek ,negatif,wisata
wisata di indramayu banyak yang rusak,negatif,wisata
wisata di indramayu masih belum banyak,negatif,wisata
banyak destinasi di jabar yang belum pernah terjamah sepi peminat,negatif,wisata
destinasi di indramayu sepi peminat,negatif,wisata
beberapa pantai di indramayu banyak sampah salah satunya pantai dadap,negatif,wisata
wisata di indramayu masih sepi peminat,negatif,wisata
pantai karangsong sekarang banyak sampah,negatif,wisata
tiket masuk pantai aja kok mahal banget jir,negatif,wisata
tiket masuk ke pulau biawak mahal banget,negatif,wisata
wisata religi indramayu masih belum banyak yang tau,negatif,wisata
wisata hutan mangrove kurang terawat,negatif,wisata
tempat parkir wisata hutan mangrove banjir,negatif,wisata
jembatan hutan mangrove sudah mulai lapuk,negatif,wisata
fasilitas wisata hutan mangrove kurang dibenahi,negatif,wisata
perjalanan menuju wisata hutan mangrove maish banyak sampah dimana-mana,negatif,wisata
wisata hutan mangrove kurang diperhatikan oleh pemerintah daerah,negatif,wisata
pantai karangsomg airnya keruh,negatif,wisata
fasilitas kurang memadai di pantai karangsong,negatif,wisata
akses grab ke pantai karangsong sulit,negatif,wisata
penjual di pantai karnagsomg sedikit,negatif,wisata
penerangan di pantai karangsong minim ketika malam,negatif,wisata
akses jalan ke pantai rusak ketika hujan,negatif,wisata
pantai di indramayu kurang besar sepi dan panas banget,negatif,wisata
pantai di indramayu banyak yang sudah tercemar,negatif,wisata
beberapa pantai di indramayu belum menyediakan tempat sampah,negatif,wisata
beberapa wisata di indramayu kurang perhatian lebih intents,negatif,wisata
wisata di indramayu belum maju,negatif,wisata
wisata di indramayu masih belum layak dipromosikan,negatif,wisata
tempat bilas wisata karangsong kurang penataan yang layak dan rapih,negatif,wisata
tampat parkir kurang tertata dengan baik di beberapa wisata indramayu,negatif,wisata
dibibir pantai indramayu selalu banyak sampah dan kulit kerang bahaya kalau kena kaki,negatif,wisata
sayang banget saung sama mushollahnya kurang keurus jadi banyak banget semutnya,negatif,wisata
Sangat buruk penataan tempatnya dari mulai parkir sampai tempat para pengunjung untuk menikmati pantai,negatif,wisata
Berasa didalam kandang burung raksasa bau tainya di pantai karangsong,negatif,wisata
spesies burung di hutan mangrove juga saya liat beberapa mati selain banyak bekas kotoran burung bau-bau bangkai burung juga kadang kecium,negatif,wisata
gak ada kolam renang untuk dewasa di waterboom bojongsari,negatif,wisata
kualitas air bojong sari kurang ,negatif,wisata
tempat kolamnya dipenuhi lumut di waterboom bojongsari,negatif,wisata
kamar mandi perempuan kurang bersih di masjid agung indramayu,negatif,wisata
toilet cewe sampe banjir gitu lantai licin ,negatif,wisata
sayang sekali rumput2 nya belum di pangkas udah agak tinggi sama menara sebelah kiri belum rampung di islamic center,negatif,wisata
"makin sekarang bangunan juga seperti tidak di urus, cat sudah pada pudar menara belakang roboh smpe sekarang belum ada perbaikan Rumput dihalaman juga smpe udah tinggi tidak dibersihkan di islamic center",negatif,wisata
banyak yang rembes Detail udah pada rusak Mau heran tapi ini indramayu di islamic center,negatif,wisata
wisata religi indramayu islamic center sudah banyak yang tau,positif,wisata
pantai karangsong cocok banget buat camping,positif,wisata
melihat sunrise di beberapa pantai indramayu sangat takjub sekali,positif,wisata
dinas sehat kabupaten indramayu kirim hasil pcr orang duga omicron laboratorium sehat daerah provinsi jawa ,positif,kesehatan
petugas satpol pp dan damkar indramayu gelar razia penyakit masyarakat di sejumlah titik perkotaan Kabupaten Indramayu,positif,kesehatan
vaksinasi gratis lokasi wisata blendung indah indramayu ,positif,kesehatan
vaksinasi lokasi wisata indramayu ,positif,kesehatan
giat vaksinasi dosis booster lingkung dinas pariwisata pemuda olahraga kabupaten indramayu rabu ,positif,kesehatan
telkomsel memberikan dukungan penuh kepada pemerintah kabupaten pemkab indramayu terutama dalam kegiatan pencegahan stunting yang dilakukan pembkab indramayu,positif,kesehatan
pemberian perlengkapan prokes covid dari bpbd kabupaten indramayu untuk sekolah kecamatan sliyeg,positif,kesehatan
kegiatan vaksinasi malam bulan ramadhan uptd puskesmas lohbener indramayu bermartabat,positif,kesehatan
monitoring vaksinasi malam selepas tarawih desa majasari desa majasih senin april 2022,positif,kesehatan
bakti sosial pemberian paket sembako kepada warga yang mengikuti bakti kesehatan pengobatan massal ,positif,kesehatan
dalam upaya menekan angka kejadian penyakit dbd di wilayah indramayu puskesmas losarang bergerak cepat,positif,kesehatan
tes skrining dan vaksinasi hepatitis sebelum ke lahan praktik bagi mahasiswa semester iv prodi sarjana kebidanan,positif,kesehatan
dalam kegiatan kontrol ini kalapas juga memastikan ketersediaan obat obatan dalam keadaan layak atau tidak expired,positif,kesehatan
kepala lapas indramayu lakukan kontrol bagian klinik indramayu guna memastikan kerapihan tempat pelayanan,positif,kesehatan
kimia farma bersama dompet dhuafa berkolaboraksi dalam program bidan inspiratif untuk negeri,positif,kesehatan
halloo sahabat dinkes indramayu cuaca tidak menentu seperti ini dapat menyebabkan tubuh kita tentang sakit loh,positif,kesehatan
ayo bersama wujudkan indonesia bebas dengue dengan terapkan m plus menutup dan menguras tempat penampungan air,positif,kesehatan
giat posyandu di desa tugu bersama TP. PKK Kecamatan Sliyeg ,positif,kesehatan
monitoring vaksinasi dosis 2 Siswa Siswi Sekolah SDN 1 Majasari dan SDN 2 Majasari,positif,kesehatan
Masyarakat Indramayu diminta untuk menggalakkan upaya pencegahan DBD,positif,kesehatan
"Petugas Badan Penanggulangan Bencana Daerah, BPBD melakukan pengasapan disinfektan di sejumlah ruangan pendopo Indramayu",positif,kesehatan
tinggi lonjak covid satu tugas covid camat balong kabupaten indramayu gencar pantau terap protokol ,negatif,kesehatan
"masuki musim hujan kasus demam berdarah dengue, di kabupaten indramayu meningkat tajam kasus dbd dalam satu bulan sudah menimpa orang",negatif,kesehatan
"kasus konfirmasi positif covid di Kabupaten indramayu, kembali meledak grafik penularan covid di awal tahun terus merangkak naik",negatif,kesehatan
virus korona masih mengintai di kecamatan jatibarang kabupaten indramayu tujuh pegawai puskesmas jatibarang terpapar covid,negatif,kesehatan
lalu bagaimana sikap kpcdi tentang rencana pemerintah yang akan menghapus layanan kelas dan bpjs kesehatan,negatif,kesehatan
Kabupaten Indramayu bersama sembilan kabupaten/kota lainnya di Jawa Barat masuk dalam level 1 pelaksaan PPKM Covid,positif,kesehatan
"Alhamdulillah, kita sekarang masuk dalam level 1. Ini berkat kerja keras semua pihak, termasuk tingginya kesadaran",positif,kesehatan
Hal ini dikatakannya sesaat setelah menghadiri giat vaksinasi yang dilakukan oleh DPC Gerindra Kabupaten Indramayu,positif,kesehatan
"Kegiatan Vaksinasi Tahap ke 3 Dalam Upaya pencegahan Covid-19, seluruh pegawai Dpmptsp  Kabupaten Indramayu melaksanakan vaksin ke 3 pada  di Kantor Dpmptsp Kab. Indramayu",positif,kesehatan
"Tanggapi Surat Edaran Menteri Agama Terkait Covid-19, GP Ansor Indramayu Imbau Masyarakat Beribadah di Rumah",positif,kesehatan
dinas kesehatan kabupaten cirebon mengoptimalkan pelayanan vaksinasi booster di puskesmas   ,positif,kesehatan
 kebut capaian vaksinasi booster  dinkes bandung sasar pengunjung mal    ,positif,kesehatan
masyarakat diimbau jaga pola hidup bersih ,positif,kesehatan
dinkes jabar kebut imunisasi anak pada bian dinkesjabar          ,positif,kesehatan
dalam rangka meningkatkan capaian vaksinasi covi    ketiga atau booster  dinkes kota bandung membuka posko vaksinas  ,positif,kesehatan
pemprov jabar bakal mengejar angka capaian imunisasi anak dalam momentum bulan imunisasi anak nasional   ,positif,kesehatan
dinkes bandung jadikan mal lokasi vaksinasi penguat untuk kejar target    ,positif,kesehatan
begini upaya dinkes jabar kejar bebas campak dan rubela di      ,positif,kesehatan
polres banjar polda jabar   gerai vaksinasi polres banjar bekerja sama dengan dinkes kota banjar dan puskesmas banj  ,positif,kesehatan
dinkes jabar minta warga lapor jika temukan gejala cacar monyet pikiran rakyat  google  ,positif,kesehatan
dinkes indramayu tunggu vaksin dosis keempat bagi tenaga kesehatan  ,positif,kesehatan
dinkes indramayu kejar capaian vaksinasi covid    dosis ketiga dengan buka semua puskesmas  ,positif,kesehatan
pertemuan evaluasi program penaangann tbc puskesmas cinere dari dinkes prov jabar dan tim who ,positif,kesehatan
pemerasan dilakukan untuk melindungi laporan keuangan dinkes ,positif,kesehatan
polres banjar polda jabar   berlokasi di aula somahna bagja dibuana setda kota banjar  kapolres banjar  bersama wal  ,positif,kesehatan
dinkes kota sukabumi menyebut stok vaksin covid    bagi masyarakat semakin menipis   ,negatif,kesehatan
dinkes jabar bekerja sama dengan puskesmas karang setra kota bandung menggelar pemeriksaan kesehatan gratis  ,positif,kesehatan
kepala disperindag jabar  iendra sofyan mendampingi gubernur jawa barat  ridwan kamil dan menteri kesehatan ri  bud  ,positif,kesehatan
jumat berkah  makna dibalik surah ad duha ini selain sebagai pemberi rezeki juga bagus untuk kesehatan mental loh   ,positif,kesehatan
cegah peningkatan angka kematian ibu  ldii jabar gelar talkshow kesehatan reproduksi wanita  selengkapnya  ,positif,kesehatan
yuk sobat dinkes bawa balita ke puskesmas posyandu  dapatkan imunisasi dan vitamin a gratis pada bulan agustus di w  ,positif,kesehatan
dinkes indramayu tunggu vaksin dosis keempat bagi tenaga kesehatan  ,positif,kesehatan
dinkes indramayu kejar capaian vaksinasi covid    dosis ketiga dengan buka semua puskesmas  ,positif,kesehatan
indramayu juli tim medis psc dinkes indramayu memberikan layanan kesehatan di area pendopo indramay  ,positif,kesehatan
cegah stunting itu penting yuk sobat dinkes indramayu kenali apa itu stunting dan pahami bagaimana cara penceg  ,positif,kesehatan
indramayu juli dalam upaya meningkatkan pelayanan kesehatan  dinkes indramayu menyelenggarakan kegiata  ,positif,kesehatan
hallo sahabat dinkes indramayu  yuk mengenal mitos dan fakta seputar penyakit kusta    sumber  nlr indonesia  ,positif,kesehatan
giat jum at berkah  berbagi dan sedekah  dinas kesehatan kabupaten indramayu  jum at     agustus           ,positif,kesehatan
potret kegiatan rabu agustus dinas kesehatan kabupaten indramayu kembali mengawal kegiatan screening dete  ,positif,kesehatan
informasi pelayanan publik dinas kesehatan kabupaten indramayu      video pada postingan berikut ini menjelaskan pe  ,positif,kesehatan
keluarga besar dinas kesehatan kabupaten indramayu mengucapkan selamat hari asi sedunia     agustus             ayo  ,positif,kesehatan
giat apel pagi di lingkungan kerja dinas kesehatan kabupaten indramayu  senin     agustus           ,positif,kesehatan
lomba balita sehat sangat strategis guna peningkatan kualitas kesehatan masyarakat dan balita  hal itu dikatakan bu  ,positif,kesehatan
keluarga besar dinas kesehatan kabupaten indramayu mengucapkan selamat tahun baru islam   muharram      hijriah   s  ,positif,kesehatan
alhamdulillah pada hari ini jum at     juli      telah dilaksanakan perjanjian kerjasama antara pengadilan agama in  ,positif,kesehatan
giat jum at berkah  berbagi dan sedekah   dinas kesehatan kabupaten indramayu     juli             ,positif,kesehatan
keluarga besar dinas kesehatan kabupaten indramayu mengucapkan selamat memperingati hari hepatitis sedunia     juli  ,positif,kesehatan
dprd kota bandung berharap pelayanan pendidikan dan kesehatan lebih dimaksimalkan ,positif,kesehatan
honorer tenaga kesehatan di jabar tuntut pengangkatan asn tanpa tes   ,negatif,kesehatan
tenaga kesehatan di cirebon siap terima vaksin booster kedua   ,positif,kesehatan
manfaat temulawak untuk kesehatan dan cara pengolahannya ,positif,kesehatan
temulawak sudah dikenal lama sebagai obat alami untuk mengobati berbagai penyakit  simak manfaat temulawak untuk ke  ,positif,kesehatan
ribuan tenaga kesehatan di kabupaten cirebon siap menerima vaksinasi covid penguat atau booster dosis kedua   ,positif,kesehatan
cerita tenaga kesehatan yang berjibaku dengan pasien covid     tuntut pengangkatan tenaga honorer menjadi pppk   ,positif,kesehatan
ribuan tenaga kesehatan  nakes  honorer dari berbagai daerah di jawa barat berunjukrasa di depan gedung s  ,negatif,kesehatan
ribuan tenaga honorer kesehatan geruduk pemprov jabar  tuntut status asn ,negatif,kesehatan
bina fisik personel brimob kompi   laksanakan olahraga pagi   anggota kompi   batalyon b pelopor satbrimob polda ja  ,positif,kesehatan
tidak hanya untuk ibu hamil dan menyusui loh detikers  berikut manfaat daun katuk untuk kesehatan  cara pengolahan   ,positif,kesehatan
lihat  ribuan nakes honorer berkumpul di halaman gedung sate  kota bandung  ini tuntutan mereka    ,negatif,kesehatan
honorer tenaga kesehatan di jabar tuntut pengangkatan asn tanpa tes   ,negatif,kesehatan
estimasi ribu orang  kantor ridwan kamil digeruduk pegawai honorer tenaga kesehatan se jabar ,positif,kesehatan
laporan pemanfaatan layanan ambulance juli alhamdulillah layanan ambulans gratis lazismu jawa barat telah b  ,positif,kesehatan
utama dalam rangka menjaga kesehatan tubuh  kanwil kemenkumham jabar secara rutin melaksanakan senam pag  ,positif,kesehatan
manfaat jambu kristal bagi kesehatan ,positif,kesehatan
dprd bandung minta pelayanan pendidikan dan kesehatan dimaksimalkan ,positif,kesehatan
dinas kesehatan kabupaten cianjur memastikan penyakit cacar monyet belum ditemukan di wilayahnya   ,negatif,kesehatan
gubernur jabar  ridwankamil memberikan arahan sekaligus membuka rapat kerja nasional i akselerasi laboratorium kese  ,positif,kesehatan
sedangkan untuk yang mendapatkan booster pertama sinopharm  maka booster kedua juga sinopharm dengan dosis penuh   ,positif,kesehatan
sampurasun wargi  pemerintah mendorong vaksinasi booster tahap kedua untuk para sdm kesehatan    dosis dan jenis va  ,positif,kesehatan
sedangkan untuk yang mendapatkan booster pertama sinopharm  maka booster kedua juga sinopharm dengan dosis penuh   ,positif,kesehatan
tidak hanya digunakan untuk pakan ikan cupang tapi daun ketapang juga bermanfaat bagi kesehatan  inilah manfaat dau  ,positif,kesehatan
membuka rakernas  amp  memberikan arahan pada akselerasi laboratorium kesehatan daerah sebagai tuan  ,positif,kesehatan
kabar baik bagi wargi jabar ribu tenaga kesehatan di jabar menjadi target vaksinasi booster kedua  ,positif,kesehatan
laboratorium kesehatan merupakan salah satu fasilitas penting yang harus tersedia   ,positif,kesehatan
detikers suka sama air kelapa  yuk simak manfaat dan kandungan gizinya di sini  ,positif,kesehatan
waduh  kasus dbd di jabar sepanjang tahun      mencapai         kasus tertinggi di kota bandung  tetap jaga kesehat  ,negatif,kesehatan
indeks pembangunan kesehatan masyarakat  ipkm  kabupaten cianjur menduduki posisi ketiga terendah di jawa barat  pe  ,negatif,kesehatan
rakernas i akselerasi laboratorium kesehatan daerah digelar di jabar   ,positif,kesehatan
lima manfaat mentimun untuk kesehatan tubuh  salah satunya bisa mengurangi kadar gula dalam darah sehingga baik unt  ,positif,kesehatan
rakernas i akselerasi laboratorium kesehatan daerah digelar di jabar    ,positif,kesehatan
dinas kesehatan kabupaten cirebon mengoptimalkan pelayanan vaksinasi booster di puskesmas   ,positif,kesehatan
revitalisasi laboratorium kesehatan milik pemerintah daerah menjadi sangat penting terutama di saat pandemi covid    ,positif,kesehatan
laboratorium jadi fasilitas penting hadapi kondisi kesehatan ,positif,kesehatan
kasus covid  naik lagi  gara gara munculnya subvarian baru omicron kalau harus isoman akses aja pikobar isoman  ,negatif,kesehatan
tongsate sesendok teh aja sehari dah cukup ntar kental kayak jelly pak ni manfaatnya    ,positif,kesehatan
ini beberapa dari sekian banyak manfaat bone broth untuk kesehatan  bikin sendiri aja gampang  murah pake sisaan tu  ,positif,kesehatan
rabu gubernur jawa barat bapak  ridwankamil mendampingi menteri kesehatan bapak budi gunadi sadikin m  ,positif,kesehatan
kepala disperindag jabar  iendra sofyan mendampingi gubernur jawa barat  ridwan kamil dan menteri kesehatan ri  bud  ,positif,kesehatan
dosen biokimia ipb pertanyakan bukti bpa galon guna ulang berbahaya untuk kesehatan  ipbofficial  ,negatif,kesehatan
bersama bpk menteri kesehatan  gubernur jabar  ridwankamil dan ibu  ataliapr menghadiri kick of bian   bulan imunis  ,positif,kesehatan
indeks kesehatan masyarakat cianjur terendah ketiga di jabar  ,negatif,kesehatan
manfaat air kelapa untuk kesehatan  amazing      ,positif,kesehatan
sepuluh manfaat kopi hitam yang luar biasa untuk kesehatan tubuh  salah satunya bagus untuk menyehatkan jantung   ,positif,kesehatan
sebelas manfaat air kelapa yang luar biasa  salah satunya bermanfaat untuk menyehatkan jantung   ,positif,kesehatan
"Guna mengantispasi terjadinya lonjakan kasus covid-19, petugas gabungan Polres Indramayu, menyisir tempat umum ",positif,kesehatan
warga indramayu papar covid omicron pulang arab saudi,negatif,kesehatan
